person,mu
A,0.5
B,0.5454545454545454
C,0.5909090909090909
D,1.0
E,1.0
F,0.7272727272727273
G,0.5
H,0.9090909090909091
I,1.0
J,0.5909090909090909
K,0.6363636363636364
L,1.0
M,0.5454545454545454
